file_timestamp,systolic_peak_timestamp
1764757309,1764757309718680000
1764757309,1764757310202903742
1764757309,1764757311019612694
1764757309,1764757311951235648
1764757309,1764757313005680000
1764757309,1764757313614145534
1764757309,1764757314348890627
1764757309,1764757315317680000
1764757309,1764757316271680000
1764757309,1764757317063379458
1764757309,1764757317855531518
1764757309,1764757318692680000
1764757309,1764757319504680000
1764757309,1764757320457680000
1764757309,1764757321567680000
1764757309,1764757322840303146
1764757309,1764757324281625028
1764757309,1764757325286605680
1764757309,1764757326254680000
1764757309,1764757327645622532
1764757309,1764757328872680000
1764757309,1764757330068861437
1764757309,1764757331364127309
1764757309,1764757332401193302
1764757309,1764757333424904926
1764757309,1764757334243205008
1764757309,1764757334903163382
1764757309,1764757335732857538
1764757309,1764757336622680000
1764757309,1764757337473531521
1764757309,1764757338344746978
1764757309,1764757339236239776
1764757309,1764757340197680000
1764757309,1764757341005680000
1764757309,1764757341970890206
1764757309,1764757342564762774
1764757309,1764757343771680000
1764757309,1764757345392122314
1764757309,1764757346467579358
1764757309,1764757347085650028
1764757309,1764757347835618992
1764757309,1764757348355918228
1764757309,1764757349016793416
1764757309,1764757349572415146
1764757309,1764757350316648910
1764757309,1764757351067680000
1764757309,1764757351598680000
1764757309,1764757352332680000
1764757309,1764757353081489454
1764757309,1764757353547406840
1764757309,1764757354198108182
1764757309,1764757355620719246
1764757309,1764757356909442548
1764757309,1764757357819680000
1764757309,1764757358686224044
1764757309,1764757359377981928
1764757309,1764757360337680000
1764757309,1764757361399680000
1764757309,1764757362599003048
1764757309,1764757363549410940
1764757309,1764757364712680000
1764757309,1764757365641680000
1764757309,1764757366548382086
1764757309,1764757367288807804
1764757309,1764757368257822200
1764757309,1764757369235680000
1764757309,1764757370196680000
1764757309,1764757371141680000
1764757309,1764757372098680000
1764757309,1764757372618680000
1764757309,1764757373665680000
1764757309,1764757374633680000
1764757309,1764757375587379345
1764757309,1764757376336680000
1764757309,1764757377180423820
1764757309,1764757378446680000
1764757309,1764757379283605460
1764757309,1764757379981988912
1764757309,1764757380775628806
1764757309,1764757381324405164
1764757309,1764757381977680000
1764757309,1764757382853152068
1764757309,1764757383503532992
1764757309,1764757384337368974
1764757309,1764757385408680000
1764757309,1764757386470680000
1764757309,1764757387533680000
1764757309,1764757388853680000
1764757309,1764757390173680000
1764757309,1764757391282680000
1764757309,1764757392368086788
1764757309,1764757393303382246
1764757309,1764757394253734238
1764757309,1764757395495944620
1764757309,1764757396111680000
1764757309,1764757397220680000
1764757309,1764757398322680000
1764757309,1764757399424680000
1764757309,1764757400752680000
1764757309,1764757402098953144
1764757309,1764757402954799198
1764757309,1764757403805861056
1764757309,1764757404572059882
1764757309,1764757405408769719
1764757309,1764757406228083224
1764757309,1764757407165713674
1764757309,1764757407786351382
1764757309,1764757408345181644
1764757309,1764757409081680000
1764757309,1764757409937378448
1764757309,1764757410686190908
1764757309,1764757411493787176
1764757309,1764757412099182464
1764757309,1764757412891421256
1764757309,1764757413718119950
1764757309,1764757414557973104
1764757309,1764757415534452085
1764757309,1764757416508251254
1764757309,1764757417443212864
1764757309,1764757418571950282
1764757309,1764757420129030078
1764757309,1764757421167866444
1764757309,1764757422003019621
1764757309,1764757422885068048
1764757309,1764757423817587772
1764757309,1764757424751398159
1764757309,1764757425753427356
1764757309,1764757426759680000
1764757309,1764757427228525980
1764757309,1764757428157232826
1764757309,1764757428936307564
1764757309,1764757429966155840
1764757309,1764757431458152038
1764757309,1764757432521895110
1764757309,1764757433399527702
1764757309,1764757434278134640
1764757309,1764757435231434720
1764757309,1764757435766498656
1764757309,1764757436425343204
1764757309,1764757437140452276
1764757309,1764757438037969302
1764757309,1764757439149474274
1764757309,1764757440137060544
1764757309,1764757441472680000
1764757309,1764757442448680000
1764757309,1764757443431851097
1764757309,1764757444218495696
1764757309,1764757445342730680
1764757309,1764757445924310028
1764757309,1764757446771983850
1764757309,1764757447375722704
1764757309,1764757447949651584
1764757309,1764757449275941998
1764757309,1764757450445726878
1764757309,1764757451150456902
1764757309,1764757452169254178
1764757309,1764757452928303476
1764757309,1764757453900228278
1764757309,1764757454680081298
1764757309,1764757455669708714
1764757309,1764757456497329752
1764757309,1764757457370819640
1764757309,1764757458174190569
1764757309,1764757459012993098
1764757309,1764757459836818170
1764757309,1764757460846680000
1764757309,1764757462423458542
1764757309,1764757463288708546
1764757309,1764757464087433276
1764757309,1764757465008411060
1764757309,1764757465884093270
1764757309,1764757466888831570
1764757309,1764757467894080640
1764757309,1764757468925854782
1764757309,1764757469729198646
1764757309,1764757470679593220
1764757309,1764757471622172414
1764757309,1764757472505165812
1764757309,1764757473356394294
1764757309,1764757474761490806
1764757309,1764757476438208800
1764757309,1764757478075366466
1764757309,1764757478993637866
1764757309,1764757479960925236
1764757309,1764757480953946364
1764757309,1764757481809949538
1764757309,1764757482689327839
1764757309,1764757483522226930
1764757309,1764757484327637016
1764757309,1764757485041583760
1764757309,1764757485767792671
1764757309,1764757486837441216
1764757309,1764757487972979584
1764757309,1764757489015118514
1764757309,1764757489705415642
1764757309,1764757490845680000
1764757309,1764757492142680000
1764757309,1764757493026846732
1764757309,1764757493917963802
1764757309,1764757494936244254
1764757309,1764757495907922244
1764757309,1764757496744057112
1764757309,1764757497644602859
1764757309,1764757498517285734
1764757309,1764757499415775640
1764757309,1764757500268284620
1764757309,1764757501218043020
1764757309,1764757502154499126
1764757309,1764757503078353300
1764757309,1764757503945459702
1764757309,1764757504838968766
1764757309,1764757505759670262
1764757309,1764757506640197686
1764757309,1764757507608959994
1764757309,1764757508570491658
1764757309,1764757509577677590
1764757309,1764757510576526176
1764757309,1764757511684813196
1764757309,1764757512419576908
1764757309,1764757513344308062
1764757309,1764757514299147664
1764757309,1764757515209085424
1764757309,1764757516037809046
1764757309,1764757516893910038
1764757309,1764757517956719638
1764757309,1764757519559190610
1764757309,1764757520667660592
1764757309,1764757521643366138
1764757309,1764757522784680000
1764757309,1764757523699017528
1764757309,1764757524684115238
1764757309,1764757525517603152
1764757309,1764757526511680000
1764757309,1764757527346998987
1764757309,1764757528210338386
1764757309,1764757529225543850
1764757309,1764757529955742756
1764757309,1764757530835411867
1764757309,1764757531771734550
1764757309,1764757532716281614
1764757309,1764757533641405464
1764757309,1764757534505635666
1764757309,1764757535324730240
1764757309,1764757536065460838
1764757309,1764757536872819948
1764757309,1764757537675851524
1764757309,1764757538547209782
1764757309,1764757540017680000
1764757309,1764757541064680000
1764757309,1764757541939360653
1764757309,1764757543090182074
1764757309,1764757543956711560
1764757309,1764757544666769514
1764757309,1764757545464678116
1764757309,1764757546321259812
1764757309,1764757547243680000
1764757309,1764757548112814472
1764757309,1764757549247139340
1764757309,1764757550144538292
1764757309,1764757551236680000
1764757309,1764757552126680000
1764757309,1764757553017680000
1764757309,1764757553899680000
1764757309,1764757555073441812
1764757309,1764757556232177929
1764757309,1764757557415545934
1764757309,1764757558186001576
1764757309,1764757559062643670
1764757309,1764757559956879234
1764757309,1764757560941201602
1764757309,1764757561822385190
1764757309,1764757562908275102
1764757309,1764757563948672304
1764757309,1764757564952097798
1764757309,1764757565854975512
1764757309,1764757566824856284
1764757309,1764757567819320510
1764757309,1764757568869372840
1764757309,1764757569720839731
1764757309,1764757570605435646
1764757309,1764757571471444463
1764757309,1764757572246494132
1764757309,1764757573149777176
1764757309,1764757574096200609
1764757309,1764757575124493851
1764757309,1764757575859107468
1764757309,1764757577109786408
1764757309,1764757577909698020
1764757309,1764757578898176644
1764757309,1764757579760410896
1764757309,1764757580656156844
1764757309,1764757581586595370
1764757309,1764757582447957350
1764757309,1764757583340816866
1764757309,1764757584249227482
1764757309,1764757585212589878
1764757309,1764757585957719662
1764757309,1764757586922092094
1764757309,1764757588049680000
1764757309,1764757588927187620
1764757309,1764757589854680000
1764757309,1764757590807135364
1764757309,1764757591813019404
1764757309,1764757592905585310
1764757309,1764757593757404560
1764757309,1764757594838993796
1764757309,1764757595675004652
1764757309,1764757596563203530
1764757309,1764757597440866806
1764757309,1764757598375555344
1764757309,1764757599354146752
1764757309,1764757600447281318
1764757309,1764757601433680000
1764757309,1764757602394680000
1764757309,1764757603044211106
1764757309,1764757603962672994
1764757309,1764757604881761912
1764757309,1764757605664872680
1764757309,1764757606726680000
1764757309,1764757607549955342
1764757309,1764757608517680000
1764757309,1764757609551304388
1764757309,1764757610412301782
1764757309,1764757611198755628
1764757309,1764757612036283134
1764757309,1764757612813780782
1764757309,1764757613606432378
1764757309,1764757614351377746
1764757309,1764757615102112682
1764757309,1764757616082641980
1764757309,1764757617011209110
1764757309,1764757617895927356
1764757309,1764757618698680000
1764757309,1764757619645472118
1764757309,1764757620623868880
1764757309,1764757621385786288
1764757309,1764757622180058860
1764757309,1764757623055017330
1764757309,1764757624022117114
1764757309,1764757625070281964
1764757309,1764757625822556360
1764757309,1764757626776680000
1764757309,1764757627679237694
1764757309,1764757628839801802
1764757309,1764757630313690220
1764757309,1764757631173612712
1764757309,1764757631991668346
1764757309,1764757633127680000
1764757309,1764757634115091130
1764757309,1764757635232236408
1764757309,1764757636270825706
1764757309,1764757637289272036
1764757309,1764757638288680000
1764757309,1764757639290397364
1764757309,1764757640116298820
1764757309,1764757641026495818
1764757309,1764757641801660174
1764757309,1764757642654980266
1764757309,1764757643553001490
1764757309,1764757644411216402
1764757309,1764757645318872004
1764757309,1764757646055216866
1764757309,1764757647062504238
1764757309,1764757647962446232
1764757309,1764757648945340688
1764757309,1764757649853680000
1764757309,1764757650815820359
1764757309,1764757651844676516
1764757309,1764757652640209626
1764757309,1764757653555538836
1764757309,1764757654484751642
1764757309,1764757655413484490
1764757309,1764757656284959718
1764757309,1764757657259780019
1764757309,1764757658170290230
1764757309,1764757659237680000
1764757309,1764757660098675696
1764757309,1764757661048917602
1764757309,1764757662060588292
1764757309,1764757663021645458
1764757309,1764757663903057706
1764757309,1764757664752536453
1764757309,1764757665620687290
1764757309,1764757666481011790
1764757309,1764757667388903808
1764757309,1764757668149270556
1764757309,1764757668966763332
1764757309,1764757669847498649
1764757309,1764757670686132288
1764757309,1764757672238983376
1764757309,1764757673135680000
1764757309,1764757674248472700
1764757309,1764757675131680000
1764757309,1764757675692043304
1764757309,1764757676338856898
1764757309,1764757677227680000
1764757309,1764757677862680000
1764757309,1764757678643680000
1764757309,1764757679643680000
1764757309,1764757680673324854
1764757309,1764757681565680000
1764757309,1764757682562546634
1764757309,1764757683279533558
1764757309,1764757683966556800
1764757309,1764757685163137102
1764757309,1764757686029015244
1764757309,1764757686598973882
1764757309,1764757687423849819
1764757309,1764757688424367569
1764757309,1764757689418477068
1764757309,1764757690460497310
1764757309,1764757691355413440
1764757309,1764757692377618793
1764757309,1764757693375485702
1764757309,1764757694349902390
1764757309,1764757695216554110
1764757309,1764757696211246886
1764757309,1764757697188858198
1764757309,1764757698170416778
1764757309,1764757699025297372
1764757309,1764757700059825240
1764757309,1764757701138718922
1764757309,1764757702105439804
1764757309,1764757703044559884
1764757309,1764757704029813924
1764757309,1764757705000122078
1764757309,1764757705859970245
1764757309,1764757706752186901
1764757309,1764757708221919434
1764757309,1764757709038818130
1764757309,1764757709937471734
1764757309,1764757710569886630
1764757309,1764757711336812720
1764757309,1764757712016948494
1764757309,1764757712895917094
1764757309,1764757713557468442
1764757309,1764757714294443688
1764757309,1764757715083905096
1764757309,1764757715778043696
1764757309,1764757716604398388
1764757309,1764757717367410060
1764757309,1764757718077420888
1764757309,1764757718765078784
1764757309,1764757719500024804
1764757309,1764757720210646218
1764757309,1764757720889951576
1764757309,1764757721568409264
1764757309,1764757722234276652
1764757309,1764757723000573090
1764757309,1764757723744318446
1764757309,1764757724457683224
1764757309,1764757725177179928
1764757309,1764757725970704358
1764757309,1764757726783919430
1764757309,1764757727510136976
1764757309,1764757728417063492
1764757309,1764757729298656224
1764757309,1764757730261059228
1764757309,1764757731059966380
1764757309,1764757731864680000
1764757309,1764757732759093334
1764757309,1764757733645329486
1764757309,1764757734475225746
1764757309,1764757735349111660
1764757309,1764757736159829708
1764757309,1764757736933629134
1764757309,1764757737687208378
1764757309,1764757738556680000
1764757309,1764757739197483352
1764757309,1764757739863596610
1764757309,1764757740565063227
1764757309,1764757741265804630
1764757309,1764757742046317820
1764757309,1764757742775532696
1764757309,1764757743601331130
1764757309,1764757744427800668
1764757309,1764757745200636440
1764757309,1764757745930892888
1764757309,1764757746707819200
1764757309,1764757747522341960
1764757309,1764757748329025532
1764757309,1764757749183969784
1764757309,1764757749999818348
1764757309,1764757750719356362
1764757309,1764757751397886608
1764757309,1764757752077908420
1764757309,1764757752868347230
1764757309,1764757753796271388
1764757309,1764757754806937092
1764757309,1764757755752499408
1764757309,1764757756712383140
1764757309,1764757757685271732
1764757309,1764757758543680000
1764757309,1764757759609993008
1764757309,1764757760508680000
1764757309,1764757761332904770
1764757309,1764757762190613670
1764757309,1764757763085538014
1764757309,1764757763927031982
1764757309,1764757764709022098
1764757309,1764757765550022606
1764757309,1764757766334281800
1764757309,1764757767167693014
1764757309,1764757767926755600
1764757309,1764757768721647618
1764757309,1764757769536305574
1764757309,1764757770412755622
1764757309,1764757771178215724
1764757309,1764757772054741390
1764757309,1764757773000386916
1764757309,1764757773960796682
1764757309,1764757774944166896
1764757309,1764757775811364132
1764757309,1764757776733274740
1764757309,1764757777584636350
1764757309,1764757778392115672
1764757309,1764757779095587342
1764757309,1764757779769520890
1764757309,1764757780591456868
1764757309,1764757781665825890
1764757309,1764757782761656226
1764757309,1764757783822283344
1764757309,1764757784836334224
1764757309,1764757785884979200
1764757309,1764757786736352744
1764757309,1764757787649893916
1764757309,1764757788649568980
1764757309,1764757789650576776
1764757309,1764757790598014146
1764757309,1764757791547689766
1764757309,1764757792400365298
1764757309,1764757793325709732
1764757309,1764757794339699604
1764757309,1764757795293680000
1764757309,1764757796714853874
1764757309,1764757797664680000
1764757309,1764757798814027920
1764757309,1764757799803512522
1764757309,1764757800765680000
1764757309,1764757801654963170
1764757309,1764757802607680000
1764757309,1764757803295814390
1764757309,1764757804186648956
1764757309,1764757805102420068
1764757309,1764757806039044054
1764757309,1764757806953540152
1764757309,1764757807799040378
1764757309,1764757808759509064
1764757309,1764757809688439382
1764757309,1764757810632548500
1764757309,1764757811553406026
1764757309,1764757812569786688
1764757309,1764757813557201694
1764757309,1764757814426982146
1764757309,1764757815358033820
1764757309,1764757816284086260
1764757309,1764757817219862622
1764757309,1764757818049072292
1764757309,1764757818912018420
1764757309,1764757819801285358
1764757309,1764757820775654914
1764757309,1764757821826695766
1764757309,1764757822738592864
1764757309,1764757823689680000
1764757309,1764757824610680000
1764757309,1764757825454988384
1764757309,1764757826317726680
1764757309,1764757827204490108
1764757309,1764757828086881040
1764757309,1764757829135448948
1764757309,1764757830144396014
1764757309,1764757831145368908
1764757309,1764757832205599394
1764757309,1764757833150430208
1764757309,1764757834147307098
1764757309,1764757835110680000
1764757309,1764757835949466824
1764757309,1764757837071458142
1764757309,1764757838152161952
1764757309,1764757838917099030
1764757309,1764757840025306764
1764757309,1764757841126680000
1764757309,1764757842063077594
1764757309,1764757842972638884
1764757309,1764757843926048378
1764757309,1764757844911971242
1764757309,1764757845857697006
1764757309,1764757846785566261
1764757309,1764757847671825106
1764757309,1764757848578206560
1764757309,1764757849437792312
1764757309,1764757850320878418
1764757309,1764757851156498298
1764757309,1764757852075616442
1764757309,1764757853045726572
1764757309,1764757854045613306
1764757309,1764757854981680000
1764757309,1764757855734859524
1764757309,1764757856776478930
1764757309,1764757857672769748
1764757309,1764757858602680000
1764757309,1764757859904808346
1764757309,1764757861226405104
1764757309,1764757862171350648
1764757309,1764757862973922422
1764757309,1764757863880150150
1764757309,1764757864724250714
1764757309,1764757865510423636
1764757309,1764757866487680000
1764757309,1764757867447275232
1764757309,1764757868379680000
1764757309,1764757869740927346
1764757309,1764757870750857232
1764757309,1764757871572992162
1764757309,1764757872310423204
1764757309,1764757873127604004
1764757309,1764757873886411972
1764757309,1764757874693483354
1764757309,1764757875638478872
1764757309,1764757876527680000
1764757309,1764757877395680000
1764757309,1764757878243680000
1764757309,1764757879274044937
1764757309,1764757880008201914
1764757309,1764757880940260140
1764757309,1764757882027414084
1764757309,1764757882936709538
1764757309,1764757884016108582
1764757309,1764757885025680000
1764757309,1764757885976351270
1764757309,1764757886703599492
1764757309,1764757887569446694
1764757309,1764757888463802750
1764757309,1764757889417668378
1764757309,1764757890228553920
1764757309,1764757891306680000
1764757309,1764757892978680000
1764757309,1764757894211392860
1764757309,1764757895224617606
1764757309,1764757896220898570
1764757309,1764757897229632366
1764757309,1764757898349802116
1764757309,1764757899391085849
1764757309,1764757900364514096
1764757309,1764757901337019776
1764757309,1764757902329787238
1764757309,1764757903288309104
1764757309,1764757904204316644
1764757309,1764757905238680000
1764757309,1764757905993237848
1764757309,1764757907142389366
1764757309,1764757908214363626
1764757309,1764757909120662282
1764757309,1764757910114275460
1764757309,1764757911121680000
1764757309,1764757912097888348
1764757309,1764757912945045648
1764757309,1764757914105264634
1764757309,1764757914835873138
1764757309,1764757915754464802
1764757309,1764757916590696310
1764757309,1764757917408275946
1764757309,1764757918118235726
1764757309,1764757919028259418
1764757309,1764757919868169160
1764757309,1764757920673322756
1764757309,1764757921695553374
1764757309,1764757922717715978
1764757309,1764757924239259620
1764757309,1764757925458608982
1764757309,1764757926350680000
1764757309,1764757927136824584
1764757309,1764757928052680000
1764757309,1764757928781967570
1764757309,1764757929624084066
1764757309,1764757930301715248
1764757309,1764757931048512314
1764757309,1764757931768220864
1764757309,1764757932403034782
1764757309,1764757933116644228
1764757309,1764757933926680000
1764757309,1764757934785680000
1764757309,1764757936168291728
1764757309,1764757936894680000
1764757309,1764757938004680000
1764757309,1764757939137680000
1764757309,1764757940270680000
1764757309,1764757941294894550
1764757309,1764757942307373752
1764757309,1764757943285680000
1764757309,1764757943910428533
1764757309,1764757944577462074
1764757309,1764757945304099370
1764757309,1764757945988053218
1764757309,1764757946779787060
1764757309,1764757947719111706
1764757309,1764757948533803890
1764757309,1764757949500204002
1764757309,1764757950133917926
1764757309,1764757951142878401
1764757309,1764757951815892038
1764757309,1764757953221680000
1764757309,1764757954127910898
1764757309,1764757954694206966
1764757309,1764757955308216272
1764757309,1764757956025145494
1764757309,1764757956613141106
1764757309,1764757957408680000
1764757309,1764757958211998730
1764757309,1764757958943040988
1764757309,1764757960155742694
1764757309,1764757961107070898
1764757309,1764757961958333702
1764757309,1764757963279123458
1764757309,1764757963951861824
1764757309,1764757964688720314
1764757309,1764757965394815082
1764757309,1764757966218465938
1764757309,1764757967029704474
1764757309,1764757967832215338
1764757309,1764757968665611890
1764757309,1764757969481714618
1764757309,1764757970281983266
1764757309,1764757971140775488
1764757309,1764757972039002134
1764757309,1764757972924704290
1764757309,1764757973859427670
1764757309,1764757974637820824
1764757309,1764757975521531066
1764757309,1764757976269297854
1764757309,1764757977091002022
1764757309,1764757978003028225
1764757309,1764757978938326666
1764757309,1764757979657958301
1764757309,1764757980491980184
1764757309,1764757981341348284
1764757309,1764757982704224172
1764757309,1764757983723680000
1764757309,1764757984222916874
1764757309,1764757984790157124
1764757309,1764757986124545534
1764757309,1764757986941015503
1764757309,1764757987657359870
1764757309,1764757988656712288
1764757309,1764757989511208962
1764757309,1764757990660680000
1764757309,1764757991535680000
1764757309,1764757992456563394
1764757309,1764757993029652402
1764757309,1764757994617967048
1764757309,1764757995442680000
1764757309,1764757996516151036
1764757309,1764757997348568192
1764757309,1764757998363624184
1764757309,1764757998998056900
1764757309,1764757999885680000
1764757309,1764758000738009695
1764757309,1764758001690045652
1764757309,1764758002534537216
1764757309,1764758004081680000
1764757309,1764758004948680000
1764757309,1764758005804086328
1764757309,1764758006702079394
1764757309,1764758008139388890
1764757309,1764758009305893650
1764757309,1764758009980763862
1764757309,1764758010966101908
1764757309,1764758011839524990
1764757309,1764758012837235724
1764757309,1764758014005923882
1764757309,1764758014671475342
1764757309,1764758015554360022
1764757309,1764758016453687986
1764757309,1764758017628868786
1764757309,1764758018351356422
1764757309,1764758019164095320
1764757309,1764758019983280306
1764757309,1764758020827855684
1764757309,1764758021686141594
1764757309,1764758022630578922
1764757309,1764758023546530434
1764757309,1764758024401810750
1764757309,1764758025236942653
1764757309,1764758026068506548
1764757309,1764758026877363647
1764757309,1764758027670707626
1764757309,1764758028485873238
1764757309,1764758029189348558
1764757309,1764758029923637069
1764757309,1764758030690940180
1764757309,1764758031417226312
1764757309,1764758032376227871
1764757309,1764758033198874018
1764757309,1764758034021680000
1764757309,1764758034749265536
1764757309,1764758035570167196
1764757309,1764758036452306972
1764757309,1764758037390620480
1764757309,1764758038458680000
1764757309,1764758039604751550
1764757309,1764758040250209449
1764757309,1764758041185680000
1764757309,1764758042110232820
1764757309,1764758042828343994
1764757309,1764758044025948184
1764757309,1764758044958680000
1764757309,1764758045665031960
1764757309,1764758046557023636
1764757309,1764758047736563904
1764757309,1764758048404362018
1764757309,1764758049263840606
1764757309,1764758050114042976
1764757309,1764758051059101784
1764757309,1764758051931814374
1764757309,1764758052950875098
1764757309,1764758054015559186
1764757309,1764758055133896610
1764757309,1764758056145028602
1764757309,1764758057175331548
1764757309,1764758058219972147
1764757309,1764758059311368072
1764757309,1764758060204355774
1764757309,1764758061010781892
1764757309,1764758061873706096
1764757309,1764758062770791548
1764757309,1764758063712615572
1764757309,1764758064704643692
1764757309,1764758065614824424
1764757309,1764758066608685958
1764757309,1764758067644711476
1764757309,1764758068664332176
1764757309,1764758069592546144
1764757309,1764758070435106050
1764757309,1764758071292070074
1764757309,1764758072069960206
1764757309,1764758072871845980
1764757309,1764758073717010432
1764757309,1764758074714029048
1764757309,1764758075669859124
1764757309,1764758076584295546
1764757309,1764758077488297238
1764757309,1764758078445288384
1764757309,1764758079314968372
1764757309,1764758080115975784
1764757309,1764758081011530888
1764757309,1764758082330396612
1764757309,1764758083656996648
1764757309,1764758084432559650
1764757309,1764758085145706787
1764757309,1764758086126680000
1764757309,1764758087392761918
1764757309,1764758088137367054
1764757309,1764758089147668484
1764757309,1764758089749281254
1764757309,1764758090573773826
1764757309,1764758091381125930
1764757309,1764758092129358104
1764757309,1764758093023620500
1764757309,1764758093937784632
1764757309,1764758094761250242
1764757309,1764758095526651010
1764757309,1764758096261289040
1764757309,1764758097065439808
1764757309,1764758097837752582
1764757309,1764758098599704269
1764757309,1764758099411748600
1764757309,1764758100252327894
1764757309,1764758101059680000
1764757309,1764758101879889573
1764757309,1764758102695579406
1764757309,1764758103471261642
1764757309,1764758104461822190
1764757309,1764758105428578148
1764757309,1764758106458471742
1764757309,1764758107472999526
1764757309,1764758108429149644
1764757309,1764758109433245934
1764757309,1764758110358680000
1764757309,1764758111055569052
1764757309,1764758112152262910
1764757309,1764758113225680000
1764757309,1764758114112523792
1764757309,1764758115057340572
1764757309,1764758115815709226
1764757309,1764758116945783806
1764757309,1764758117702675876
1764757309,1764758118794692040
1764757309,1764758119608528712
1764757309,1764758120246474760
1764757309,1764758121413592670
1764757309,1764758122536288532
1764757309,1764758123136920042
1764757309,1764758123933446508
1764757309,1764758124783231392
1764757309,1764758125531864478
1764757309,1764758126230545190
1764757309,1764758127010303414
1764757309,1764758127824127272
1764757309,1764758128549509582
1764757309,1764758129394168169
1764757309,1764758130210590484
1764757309,1764758130999435978
1764757309,1764758131768229280
1764757309,1764758132548187580
1764757309,1764758133339476592
1764757309,1764758134056585764
1764757309,1764758134778931770
1764757309,1764758135558541490
1764757309,1764758136362563732
1764757309,1764758137172861328
1764757309,1764758138039979210
1764757309,1764758138833240078
1764757309,1764758139703816160
1764757309,1764758141239708156
1764757309,1764758142046987562
1764757309,1764758142826057198
1764757309,1764758143636930058
1764757309,1764758144343158428
1764757309,1764758145159122601
1764757309,1764758146022745348
1764757309,1764758146828231406
1764757309,1764758147569950928
1764757309,1764758148341266844
1764757309,1764758149060930374
1764757309,1764758149856578470
1764757309,1764758150567529176
1764757309,1764758151296587456
1764757309,1764758151987701462
1764757309,1764758152712638156
1764757309,1764758153417866788
1764757309,1764758154089950636
1764757309,1764758154763023592
1764757309,1764758155432858628
1764757309,1764758156185498464
1764757309,1764758156986112940
1764757309,1764758157837330610
1764757309,1764758159172059086
1764757309,1764758160629076408
1764757309,1764758161709087910
1764757309,1764758162459654982
1764757309,1764758163206524135
1764757309,1764758163813943235
1764757309,1764758164855108204
1764757309,1764758165541013988
1764757309,1764758166447933058
1764757309,1764758167378743764
1764757309,1764758168351388676
1764757309,1764758169233026476
1764757309,1764758170071806368
1764757309,1764758170846054004
1764757309,1764758171664827302
1764757309,1764758172455252485
1764757309,1764758173352847610
1764757309,1764758174338433512
1764757309,1764758175011281854
1764757309,1764758176000475520
1764757309,1764758177270763720
1764757309,1764758178012951042
1764757309,1764758179004611880
1764757309,1764758180096680000
1764757309,1764758180963680000
1764757309,1764758181859602694
1764757309,1764758182746645138
1764757309,1764758183662844230
1764757309,1764758184510245294
1764757309,1764758185379576798
1764757309,1764758186267680000
1764757309,1764758187109594236
1764757309,1764758188299680000
1764757309,1764758189697280376
1764757309,1764758190475794822
1764757309,1764758191353707420
1764757309,1764758192158420570
1764757309,1764758192980102658
1764757309,1764758193718767914
1764757309,1764758194526352528
1764757309,1764758195275643816
1764757309,1764758195991809330
1764757309,1764758196661902000
1764757309,1764758197357574544
1764757309,1764758198059389754
1764757309,1764758198875099142
1764757309,1764758199783996711
1764757309,1764758200596987234
1764757309,1764758201553061456
1764757309,1764758202501221276
1764757309,1764758203417299016
1764757309,1764758204235517800
1764757309,1764758205066086733
1764757309,1764758205948206326
1764757309,1764758206777157474
1764757309,1764758207758038788
1764757309,1764758208684828138
1764757309,1764758209733585474
1764757309,1764758210493193330
1764757309,1764758211375149666
1764757309,1764758212244360062
1764757309,1764758213017535906
1764757309,1764758213822804552
1764757309,1764758214624044426
1764757309,1764758215532077420
1764757309,1764758216410713536
1764757309,1764758217177028820
1764757309,1764758217965425852
1764757309,1764758218907402434
1764757309,1764758219713715548
1764757309,1764758220583257746
1764757309,1764758221351969456
1764757309,1764758222168673518
1764757309,1764758223015637152
1764757309,1764758223957049051
1764757309,1764758224861931180
1764757309,1764758225672230944
1764757309,1764758226598380260
1764757309,1764758227652250832
1764757309,1764758228395686938
1764757309,1764758229218480622
1764757309,1764758230210338372
1764757309,1764758231263187644
1764757309,1764758232086249052
1764757309,1764758233043487838
1764757309,1764758234140308128
1764757309,1764758235145789814
1764757309,1764758236062828092
1764757309,1764758237109553518
1764757309,1764758238010675214
1764757309,1764758238873759810
1764757309,1764758239823462542
1764757309,1764758240783396295
1764757309,1764758241940680000
1764757309,1764758242893680000
1764757309,1764758244429804064
1764757309,1764758246048680000
1764757309,1764758246943901144
1764757309,1764758247931680000
1764757309,1764758248875499112
1764757309,1764758250333678390
1764757309,1764758251081361392
1764757309,1764758251781967594
1764757309,1764758252492942836
1764757309,1764758253222469418
1764757309,1764758254244133658
1764757309,1764758255272472978
1764757309,1764758256267972081
1764757309,1764758257198632596
1764757309,1764758258147775778
1764757309,1764758259207202960
1764757309,1764758260257603314
1764757309,1764758261284961612
1764757309,1764758262261322762
1764757309,1764758263939680000
1764757309,1764758264917780482
1764757309,1764758265839533226
1764757309,1764758266682911328
1764757309,1764758267587419744
1764757309,1764758268487846976
1764757309,1764758269319189586
1764757309,1764758270346405718
1764757309,1764758271375407608
1764757309,1764758272572025718
1764757309,1764758273300999084
1764757309,1764758274218511936
1764757309,1764758275144928958
1764757309,1764758275867277402
1764757309,1764758276617104750
1764757309,1764758277377343905
1764757309,1764758278470680000
1764757309,1764758279321569662
1764757309,1764758280133750012
1764757309,1764758281114559180
1764757309,1764758282201321490
1764757309,1764758283175748416
1764757309,1764758284147676072
1764757309,1764758285115127498
1764757309,1764758286090836766
1764757309,1764758287013134820
1764757309,1764758287878281512
1764757309,1764758288877680000
1764757309,1764758289615433794
1764757309,1764758290486911530
1764757309,1764758291363044242
1764757309,1764758292132884556
1764757309,1764758293252998794
1764757309,1764758294345680000
1764757309,1764758294939891615
1764757309,1764758296005809688
1764757309,1764758296929888702
1764757309,1764758297851899230
1764757309,1764758298792204650
1764757309,1764758299699261000
1764757309,1764758300689532291
1764757309,1764758301667899076
1764757309,1764758302623646958
1764757309,1764758303641675298
1764757309,1764758304684098518
1764757309,1764758305639908328
1764757309,1764758306636848702
1764757309,1764758307804795806
1764757309,1764758308722483530
1764757309,1764758309638377082
1764757309,1764758310721002540
1764757309,1764758311757518898
1764757309,1764758312845058022
1764757309,1764758313766805462
1764757309,1764758314827053264
1764757309,1764758315925989082
1764757309,1764758316934251930
1764757309,1764758317946522290
1764757309,1764758318955351587
1764757309,1764758319828763470
1764757309,1764758320763793904
1764757309,1764758321709206886
1764757309,1764758322687690680
1764757309,1764758323585187244
1764757309,1764758324493896154
1764757309,1764758325462471976
1764757309,1764758326491290392
1764757309,1764758327470673576
1764757309,1764758328363680126
1764757309,1764758329287757056
1764757309,1764758330196367758
1764757309,1764758330980159344
1764757309,1764758331870089940
1764757309,1764758332781503844
1764757309,1764758333577849520
1764757309,1764758334462533036
1764757309,1764758335389326504
1764757309,1764758336326014282
1764757309,1764758337154095488
1764757309,1764758338075357146
1764757309,1764758339032194434
1764757309,1764758340001562804
1764757309,1764758340874511706
1764757309,1764758341751433602
1764757309,1764758342675511090
1764757309,1764758343582138420
1764757309,1764758344405287560
1764757309,1764758345298214160
1764757309,1764758346220924304
1764757309,1764758347108618748
1764757309,1764758348019302652
1764757309,1764758348980990596
1764757309,1764758349940624210
1764757309,1764758350772412560
1764757309,1764758351632150171
1764757309,1764758352482177830
1764757309,1764758353395954368
1764757309,1764758354179186800
1764757309,1764758355079093710
1764757309,1764758355978331660
1764757309,1764758356815056724
1764757309,1764758357766007632
1764757309,1764758358757595950
1764757309,1764758359788258196
1764757309,1764758360682265508
1764757309,1764758361633353750
1764757309,1764758362637232270
1764757309,1764758363573152242
1764757309,1764758364512306680
1764757309,1764758365477686402
1764757309,1764758366294866754
1764757309,1764758367182672362
1764757309,1764758368068099561
1764757309,1764758368879124018
1764757309,1764758369742166770
1764757309,1764758370659108018
1764757309,1764758371629490158
1764757309,1764758372545269214
1764757309,1764758373407234264
1764757309,1764758374319893490
1764757309,1764758375214037598
1764757309,1764758376109900858
1764757309,1764758376897103802
1764757309,1764758377794676090
1764757309,1764758378747205184
1764757309,1764758379614499172
1764757309,1764758380541486408
1764757309,1764758381480989334
1764757309,1764758382359820494
1764757309,1764758383116232856
1764757309,1764758383894666062
1764757309,1764758384622363778
1764757309,1764758385415638340
1764757309,1764758386390234478
1764757309,1764758387266106148
1764757309,1764758388187106536
1764757309,1764758389120953422
1764757309,1764758390046330304
1764757309,1764758390876632044
1764757309,1764758391729539770
1764757309,1764758392624996052
1764757309,1764758393582503414
1764757309,1764758394473292110
1764757309,1764758395381116802
1764757309,1764758396339416418
1764757309,1764758397316680156
1764757309,1764758398235267116
1764757309,1764758399214822262
1764757309,1764758400220728450
1764757309,1764758401176789044
1764757309,1764758402110651878
1764757309,1764758403052236100
1764757309,1764758403935445550
1764757309,1764758404848825504
1764757309,1764758405865520734
1764757309,1764758406897489272
1764757309,1764758407802927506
1764757309,1764758408720088998
1764757309,1764758409667806904
1764757309,1764758410601216920
1764757309,1764758411532886926
1764757309,1764758412524133788
1764757309,1764758413500390330
1764757309,1764758414423352367
1764757309,1764758415403995700
1764757309,1764758416360082971
1764757309,1764758417257238242
1764757309,1764758418070344618
1764757309,1764758418891727020
1764757309,1764758419783163625
1764757309,1764758420634251000
1764757309,1764758421563316906
1764757309,1764758422553268912
1764757309,1764758423480945806
1764757309,1764758424381794976
1764757309,1764758425289136756
1764757309,1764758426215208524
1764757309,1764758427042242108
1764757309,1764758427785774267
1764757309,1764758428464926826
1764757309,1764758429392680000
1764757309,1764758430298680000
1764757309,1764758431197823638
1764757309,1764758432172428952
1764757309,1764758433137462402
1764757309,1764758434048926990
1764757309,1764758434989888559
1764757309,1764758435868589236
1764757309,1764758436686504206
1764757309,1764758437541871272
1764757309,1764758438419951924
1764757309,1764758439312607842
1764757309,1764758440238680000
1764757309,1764758441048526660
1764757309,1764758441923502004
1764757309,1764758442706564924
1764757309,1764758443499795462
1764757309,1764758444375311758
1764757309,1764758445298761604
1764757309,1764758446203381296
1764757309,1764758447066854294
1764757309,1764758447973875632
1764757309,1764758448875414154
1764757309,1764758449672552210
1764757309,1764758450514863422
1764757309,1764758451323570868
1764757309,1764758452140454710
1764757309,1764758452930676238
1764757309,1764758453693604874
1764757309,1764758454448731408
1764757309,1764758455223460700
1764757309,1764758456040504532
1764757309,1764758456942462322
1764757309,1764758457872731116
1764757309,1764758458818808856
1764757309,1764758459822312630
1764757309,1764758460722591177
1764757309,1764758461673527766
1764757309,1764758462704908809
1764757309,1764758463694896332
1764757309,1764758464550470045
1764757309,1764758465505066586
1764757309,1764758466525805494
1764757309,1764758467491215476
1764757309,1764758468498889262
1764757309,1764758469396440658
1764757309,1764758470332985948
1764757309,1764758471146155316
1764757309,1764758471995941346
1764757309,1764758472863329188
1764757309,1764758473620713824
1764757309,1764758474392148032
1764757309,1764758475137977830
1764757309,1764758476229874098
1764757309,1764758477274521744
1764757309,1764758478219940190
1764757309,1764758479175417500
1764757309,1764758480100590516
1764757309,1764758480931283488
1764757309,1764758481786898242
1764757309,1764758482654876718
1764757309,1764758483426974056
1764757309,1764758484249857784
1764757309,1764758485031476216
1764757309,1764758485950785362
1764757309,1764758487066256457
1764757309,1764758487939680000
1764757309,1764758488798680000
1764757309,1764758489516574384
1764757309,1764758490372258500
1764757309,1764758491456679820
1764757309,1764758492365252774
1764757309,1764758493446425270
1764757309,1764758494312066288
1764757309,1764758495492680000
1764757309,1764758496388845970
1764757309,1764758497253778090
1764757309,1764758498407404702
1764757309,1764758499242738165
1764757309,1764758500197012566
1764757309,1764758501048458966
1764757309,1764758502066251652
1764757309,1764758503151310160
1764757309,1764758504288050440
1764757309,1764758505190805690
1764757309,1764758506125401264
1764757309,1764758507094680000
1764757309,1764758508154454172
1764757309,1764758509088759210
1764757309,1764758510331680000
1764757309,1764758511190804508
1764757309,1764758512278036506
1764757309,1764758513368560224
1764757309,1764758514336163514
1764757309,1764758515114295476
1764757309,1764758516043390756
1764757309,1764758516970880726
1764757309,1764758518006290266
1764757309,1764758519012300228
1764757309,1764758519989054079
1764757309,1764758520985885373
1764757309,1764758522058521328
1764757309,1764758523528152680
1764757309,1764758524376905296
1764757309,1764758525259041113
1764757309,1764758526262671296
1764757309,1764758527293805570
1764757309,1764758528280582854
1764757309,1764758529258991760
1764757309,1764758530144276002
1764757309,1764758531074214552
1764757309,1764758532103181320
1764757309,1764758532931736972
1764757309,1764758533799413236
1764757309,1764758534647614398
1764757309,1764758535529460642
1764757309,1764758536490132328
1764757309,1764758537339825478
1764757309,1764758538281680000
1764757309,1764758539172680000
1764757309,1764758540063680000
1764757309,1764758540805680000
1764757309,1764758541878373830
1764757309,1764758542754776374
1764757309,1764758543675680000
1764757309,1764758544596469377
1764757309,1764758545297793658
1764757309,1764758545908987859
1764757309,1764758546617685554
1764757309,1764758547309060570
1764757309,1764758547949320098
1764757309,1764758548595830748
1764757309,1764758549271800564
1764757309,1764758549955002916
1764757309,1764758550578135114
1764757309,1764758551283680000
1764757309,1764758551858788026
1764757309,1764758552486886078
1764757309,1764758553135854952
1764757309,1764758553718577312
1764757309,1764758554294479948
1764757309,1764758555020286984
1764757309,1764758555818057600
1764757309,1764758556588494886
1764757309,1764758557455428714
1764757309,1764758558398170160
1764757309,1764758559263327602
1764757309,1764758560179057336
1764757309,1764758561150331194
1764757309,1764758562064680000
1764757309,1764758562937353454
1764757309,1764758563863656826
1764757309,1764758564920103164
1764757309,1764758565872735632
1764757309,1764758566731062862
1764757309,1764758567719121170
1764757309,1764758568611680000
1764757309,1764758569471547687
1764757309,1764758570347536938
1764757309,1764758571291680000
1764757309,1764758572173939490
1764757309,1764758572835249540
1764757309,1764758573692499896
1764757309,1764758574709697496
1764757309,1764758575631817608
1764757309,1764758576512290444
1764757309,1764758577341935494
1764757309,1764758578111582928
1764757309,1764758578912343174
1764757309,1764758579652148534
1764757309,1764758580509195184
1764757309,1764758581295977624
1764757309,1764758582162296532
1764757309,1764758582935697764
1764757309,1764758583743842432
1764757309,1764758584501216928
1764757309,1764758585118700136
1764757309,1764758585870068240
1764757309,1764758586690680000
1764757309,1764758587389628518
1764757309,1764758588182680000
1764757309,1764758588802151790
1764757309,1764758589695519092
1764757309,1764758590473336241
1764757309,1764758591274855908
1764757309,1764758592047564440
1764757309,1764758592957680000
1764757309,1764758593819725894
1764757309,1764758594827107792
1764757309,1764758595609117666
1764757309,1764758596497191472
1764757309,1764758597399619576
1764757309,1764758598177372684
1764757309,1764758598919789390
1764757309,1764758599603854180
1764757309,1764758600284586204
1764757309,1764758601003335682
1764757309,1764758601793466612
1764757309,1764758602654462716
1764757309,1764758603539612362
1764757309,1764758604436715500
1764757309,1764758605225889584
1764757309,1764758605973799463
1764757309,1764758606660657316
1764757309,1764758607384642336
1764757309,1764758608170022098
1764757309,1764758609075146378
1764757309,1764758609999389716
1764757309,1764758610961835814
1764757309,1764758611975558356
1764757309,1764758613014999600
1764757309,1764758614068532620
1764757309,1764758614944248762
1764757309,1764758615947462348
1764757309,1764758617084222358
1764757309,1764758618090899878
1764757309,1764758619038951950
1764757309,1764758619940680000
1764757309,1764758621125850414
1764757309,1764758621897621550
1764757309,1764758622713617488
1764757309,1764758623554666328
1764757309,1764758624340030270
1764757309,1764758625317696526
1764757309,1764758626403350652
1764757309,1764758627897095658
1764757309,1764758628875374150
1764757309,1764758629929153256
1764757309,1764758630714992636
1764757309,1764758631638198006
1764757309,1764758632442180740
1764757309,1764758633563119484
1764757309,1764758634721680000
1764757309,1764758635752680000
1764757309,1764758636899869400
1764757309,1764758637850502246
1764757309,1764758638701628136
1764757309,1764758639676515586
1764757309,1764758640599409306
1764757309,1764758641538625168
1764757309,1764758642479066096
1764757309,1764758643485154582
1764757309,1764758644598354294
1764757309,1764758645725891126
1764757309,1764758647121922136
1764757309,1764758648110680000
1764757309,1764758649078680000
1764757309,1764758650082182428
1764757309,1764758651126871827
1764757309,1764758652217528338
1764757309,1764758653256864214
1764757309,1764758654215895726
1764757309,1764758655349999512
1764757309,1764758656314680000
1764757309,1764758657244652594
1764757309,1764758658433314334
1764757309,1764758659409193556
1764757309,1764758660439680000
1764757309,1764758661789919260
1764757309,1764758663075041462
1764757309,1764758663895301572
1764757309,1764758665465793952
1764757309,1764758666349263906
1764757309,1764758667252186040
1764757309,1764758668094961006
1764757309,1764758669059006900
1764757309,1764758670088087638
1764757309,1764758671147659172
1764757309,1764758672132680000
1764757309,1764758673038680000
1764757309,1764758674491680000
1764757309,1764758675483680000
1764757309,1764758676476680000
1764757309,1764758677343869802
1764757309,1764758678383839698
1764757309,1764758679328868922
1764757309,1764758680199818162
1764757309,1764758681124689576
1764757309,1764758682086538724
1764757309,1764758683029804054
1764757309,1764758684018810198
1764757309,1764758684846603355
1764757309,1764758685848110110
1764757309,1764758686907627896
1764757309,1764758687966734294
1764757309,1764758688905022278
1764757309,1764758689851427786
1764757309,1764758690791163300
1764757309,1764758691758132334
1764757309,1764758692611941471
1764757309,1764758693495378666
1764757309,1764758694464045748
1764757309,1764758695558951250
1764757309,1764758696441745395
1764757309,1764758697485057658
1764757309,1764758698449531670
1764757309,1764758699301372030
1764757309,1764758700236683122
1764757309,1764758701207001592
1764757309,1764758702155339346
1764757309,1764758703096918178
1764757309,1764758704105382572
1764757309,1764758705239609200
1764757309,1764758706414680000
1764757309,1764758707637812532
1764757309,1764758708578680000
1764757309,1764758709512810836
1764757309,1764758710230837744
1764757309,1764758711284647302
1764757309,1764758712177550296
1764757309,1764758713140680000
1764757309,1764758714086680000
1764757309,1764758714988559052
1764757309,1764758715941836227
1764757309,1764758716769609116
1764757309,1764758717720362684
1764757309,1764758718759091580
1764757309,1764758719716098540
1764757309,1764758720629128851
1764757309,1764758721461962346
1764757309,1764758722354382190
1764757309,1764758723252915033
1764757309,1764758724154136972
1764757309,1764758724961545892
1764757309,1764758725855532926
1764757309,1764758726773668368
1764757309,1764758727672201508
1764757309,1764758728502614434
1764757309,1764758729396477022
1764757309,1764758730213056996
1764757309,1764758731105173050
1764757309,1764758732060867080
1764757309,1764758733059735886
1764757309,1764758733979115316
1764757309,1764758734828256918
1764757309,1764758735607061474
1764757309,1764758736846680000
1764757309,1764758737893680000
1764757309,1764758738849009564
1764757309,1764758739868657554
1764757309,1764758740777851776
1764757309,1764758741772478612
1764757309,1764758742718244548
1764757309,1764758743616841716
1764757309,1764758744616410288
1764757309,1764758745613804658
1764757309,1764758746565268242
1764757309,1764758747420086190
1764757309,1764758748350069598
1764757309,1764758749291437376
1764757309,1764758750292440624
1764757309,1764758751342682170
1764757309,1764758752299712184
1764757309,1764758753168711452
1764757309,1764758754078490828
1764757309,1764758754935964080
1764757309,1764758755769190388
1764757309,1764758756633495691
1764757309,1764758757309892566
1764757309,1764758758105979214
1764757309,1764758759056874498
1764757309,1764758759997369166
1764757309,1764758761258680000
1764757309,1764758762726680000
1764757309,1764758763714133396
1764757309,1764758764485886788
1764757309,1764758765350470698
1764757309,1764758766161206590
1764757309,1764758766947392422
1764757309,1764758767879097366
1764757309,1764758768815742552
1764757309,1764758769699155896
1764757309,1764758770608453114
1764757309,1764758771607901030
1764757309,1764758772598600588
1764757309,1764758773540838502
1764757309,1764758774377855356
1764757309,1764758775212259734
1764757309,1764758776084641742
1764757309,1764758777001462540
1764757309,1764758777895652576
1764757309,1764758778738549556
1764757309,1764758779714732118
1764757309,1764758780573961372
1764757309,1764758781343801090
1764757309,1764758782235797024
1764757309,1764758783058177064
1764757309,1764758783811324966
1764757309,1764758784554977840
1764757309,1764758785269527778
1764757309,1764758786030545100
1764757309,1764758787074174718
1764757309,1764758788180071560
1764757309,1764758789201480008
1764757309,1764758790174342457
1764757309,1764758790972376241
1764757309,1764758791811019680
1764757309,1764758792686391248
1764757309,1764758793611095976
1764757309,1764758794573671678
1764757309,1764758795357942168
1764757309,1764758796322680000
1764757309,1764758797117848742
1764757309,1764758798002680000
1764757309,1764758798862680000
1764757309,1764758800315440080
1764757309,1764758801185275744
1764757309,1764758802076594456
1764757309,1764758803315680000
1764757309,1764758804836137434
1764757309,1764758805664872436
1764757309,1764758806578944900
1764757309,1764758807421567796
1764757309,1764758808200477430
1764757309,1764758808951871446
1764757309,1764758809793024768
1764757309,1764758810941800434
1764757309,1764758812083449684
1764757309,1764758813219103258
1764757309,1764758814776941814
1764757309,1764758815673680000
1764757309,1764758816418430874
1764757309,1764758817145963158
1764757309,1764758817970318226
1764757309,1764758818887943068
1764757309,1764758819787023830
1764757309,1764758820678070572
1764757309,1764758821458595618
1764757309,1764758822329839704
1764757309,1764758823265245946
1764757309,1764758824232233186
1764757309,1764758825143392080
1764757309,1764758826071906788
1764757309,1764758827099612666
1764757309,1764758828056484156
1764757309,1764758828972887280
1764757309,1764758829802108676
1764757309,1764758830619444818
1764757309,1764758831393978642
1764757309,1764758832165019904
1764757309,1764758832952985528
1764757309,1764758833749347506
1764757309,1764758834566219846
1764757309,1764758835419024764
1764757309,1764758836315495777
1764757309,1764758837462022772
1764757309,1764758838255696050
1764757309,1764758839259300826
1764757309,1764758840171393562
1764757309,1764758841146917470
1764757309,1764758842114464338
1764757309,1764758843085798750
1764757309,1764758843938837198
1764757309,1764758844897391800
1764757309,1764758845939935772
1764757309,1764758846804386090
1764757309,1764758847675244651
1764757309,1764758848500994590
1764757309,1764758849329744736
1764757309,1764758850096938179
1764757309,1764758850893715125
1764757309,1764758851735418714
1764757309,1764758852947906376
1764757309,1764758853600103066
1764757309,1764758854369966136
1764757309,1764758855229680000
1764757309,1764758856128415320
1764757309,1764758857232383450
1764757309,1764758858081680000
1764757309,1764758858831236879
1764757309,1764758859878680000
1764757309,1764758860955952934
1764757309,1764758861669270886
1764757309,1764758862530680000
1764757309,1764758863485511228
1764757309,1764758864284177515
1764757309,1764758865228952600
1764757309,1764758866220680000
1764757309,1764758867104680000
1764757309,1764758867964068972
1764757309,1764758868776258908
1764757309,1764758869561835708
1764757309,1764758870470224455
1764757309,1764758871347003496
1764757309,1764758872252329527
1764757309,1764758873259363094
1764757309,1764758874245576706
1764757309,1764758874669208666
1764757309,1764758875579680000
1764757309,1764758876128576470
1764757309,1764758877033680000
1764757309,1764758878065687682
1764757309,1764758878859064586
1764757309,1764758880001762650
1764757309,1764758880783738867
1764757309,1764758881935844022
1764757309,1764758882807486736
1764757309,1764758883636679228
1764757309,1764758884733596100
1764757309,1764758885637940952
1764757309,1764758886637032088
1764757309,1764758887507784070
1764757309,1764758888621446888
1764757309,1764758889265211528
1764757309,1764758890877680000
1764757309,1764758892169277192
1764757309,1764758893008617046
1764757309,1764758893840423208
1764757309,1764758894937119430
1764757309,1764758895951631988
1764757309,1764758897277068102
1764757309,1764758897897477784
1764757309,1764758898701009764
1764757309,1764758899558454234
1764757309,1764758900514620262
1764757309,1764758901404457544
1764757309,1764758902349695626
1764757309,1764758903142309766
1764757309,1764758904020250964
1764757309,1764758904960508238
1764757309,1764758905929186914
1764757309,1764758906740842312
1764757309,1764758907420125014
1764757309,1764758908191011414
1764757309,1764758909446598794
1764757309,1764758910164181818
1764757309,1764758911338208618
1764757309,1764758912773337148
1764757309,1764758913561167528
1764757309,1764758914517805336
1764757309,1764758915428617022
1764757309,1764758916334956906
1764757309,1764758917380543540
1764757309,1764758918425088686
1764757309,1764758918972549104
1764757309,1764758919510272838
1764757309,1764758920270553440
1764757309,1764758921803686814
1764757309,1764758922628680000
1764757309,1764758923424236030
1764757309,1764758924129078080
1764757309,1764758925677973974
1764757309,1764758926604680000
1764757309,1764758927474937296
1764757309,1764758928320265354
1764757309,1764758929954237022
1764757309,1764758930792725594
1764757309,1764758931628350196
1764757309,1764758932383515798
1764757309,1764758933161522736
1764757309,1764758933938477044
1764757309,1764758934688070304
1764757309,1764758935466937592
1764757309,1764758936181569160
1764757309,1764758936897275228
1764757309,1764758937602796092
1764757309,1764758938332036928
1764757309,1764758939026265144
1764757309,1764758939721279990
1764757309,1764758940449807860
1764757309,1764758941142299872
1764757309,1764758941879158494
1764757309,1764758942534242702
1764757309,1764758943537046876
1764757309,1764758943923616426
1764757309,1764758944587312870
1764757309,1764758945326026512
1764757309,1764758945969280630
1764757309,1764758946882680000
1764757309,1764758947745743826
1764757309,1764758948527301854
1764757309,1764758949255060696
1764757309,1764758950021294908
1764757309,1764758950836200564
1764757309,1764758951600037400
1764757309,1764758952386632846
1764757309,1764758953174866900
1764757309,1764758953968901886
1764757309,1764758954717442954
1764757309,1764758955488547524
1764757309,1764758956234226888
1764757309,1764758957048652315
1764757309,1764758957897225460
1764757309,1764758958923680000
1764757309,1764758959837793234
1764757309,1764758960489655936
1764757309,1764758961322039466
1764757309,1764758962029988904
1764757309,1764758963283680000
1764757309,1764758964489165442
1764757309,1764758965440283200
1764757309,1764758966677864688
1764757309,1764758967772403996
1764757309,1764758968653598364
1764757309,1764758969800680000
1764757309,1764758970816502133
1764757309,1764758971885631186
1764757309,1764758972867075648
1764757309,1764758974206680000
1764757309,1764758975137248598
1764757309,1764758976015009672
1764757309,1764758977014041304
1764757309,1764758977947899864
1764757309,1764758978844252260
1764757309,1764758979840460580
1764757309,1764758980907185022
1764757309,1764758981456680000
1764757309,1764758982959575511
1764757309,1764758983972680000
1764757309,1764758985085680000
1764757309,1764758986065011550
1764757309,1764758986977062204
1764757309,1764758988048738986
1764757309,1764758989139548190
1764757309,1764758990335680000
1764757309,1764758991291896236
1764757309,1764758992388442054
1764757309,1764758993486924094
1764757309,1764758994573480224
1764757309,1764758995600849410
1764757309,1764758996741680000
1764757309,1764758998375023428
1764757309,1764758999306183964
1764757309,1764759000949928348
1764757309,1764759001627704410
1764757309,1764759002410169824
1764757309,1764759003137985794
1764757309,1764759003846964700
1764757309,1764759004842187420
1764757309,1764759005878729668
1764757309,1764759006785342724
1764757309,1764759007630783794
1764757309,1764759008573469910
1764757309,1764759009543688126
1764757309,1764759010466853064
1764757309,1764759011168897934
1764757309,1764759012095659380
1764757309,1764759012894035884
1764757309,1764759013678680000
1764757309,1764759014621163116
1764757309,1764759015752588052
1764757309,1764759016385692652
1764757309,1764759017268209182
1764757309,1764759018218662694
1764757309,1764759019107879008
1764757309,1764759019876587440
1764757309,1764759020661461284
1764757309,1764759021494983018
1764757309,1764759022342681808
1764757309,1764759023234965022
1764757309,1764759024080396139
1764757309,1764759024943034222
1764757309,1764759025814740667
1764757309,1764759026738958306
1764757309,1764759027711586502
1764757309,1764759028674729942
1764757309,1764759029547666582
1764757309,1764759030526542565
1764757309,1764759031511920324
1764757309,1764759032530208134
1764757309,1764759033406252922
1764757309,1764759034342631848
1764757309,1764759035276296996
1764757309,1764759036450377968
1764757309,1764759037011280856
1764757309,1764759037957098467
1764757309,1764759038860667586
1764757309,1764759039861776714
1764757309,1764759040983116746
1764757309,1764759041824291632
1764757309,1764759042744683796
1764757309,1764759043668582220
1764757309,1764759044581066164
1764757309,1764759045377312561
1764757309,1764759046296354874
1764757309,1764759047233198750
1764757309,1764759048119085414
1764757309,1764759049095308616
1764757309,1764759050065700414
1764757309,1764759050887803566
1764757309,1764759051768680000
1764757309,1764759052721680000
1764757309,1764759053885680000
1764757309,1764759055024489514
1764757309,1764759055882229098
1764757309,1764759056877246439
1764757309,1764759057555911104
1764757309,1764759058459455604
1764757309,1764759059219992480
1764757309,1764759060047852538
1764757309,1764759060792738326
1764757309,1764759061572608926
1764757309,1764759062282740288
1764757309,1764759062989968596
1764757309,1764759063759064626
1764757309,1764759064405040746
1764757309,1764759065121510148
1764757309,1764759065789818876
1764757309,1764759066500029374
1764757309,1764759067117198552
1764757309,1764759067780400150
1764757309,1764759068353687794
1764757309,1764759069206263138
1764757309,1764759070309372222
1764757309,1764759071669173130
1764757309,1764759072737680000
1764757309,1764759073729680000
1764757309,1764759074694811778
1764757309,1764759075926777236
1764757309,1764759076571699228
1764757309,1764759077172826808
1764757309,1764759077797636814
1764757309,1764759078435759032
1764757309,1764759079142814906
1764757309,1764759080768680000
1764757309,1764759081830680000
1764757309,1764759082677680000
1764757309,1764759083281587470
1764757309,1764759084145621438
1764757309,1764759084785436317
1764757309,1764759085457371688
1764757309,1764759086119103488
1764757309,1764759086883743418
1764757309,1764759087708343818
1764757309,1764759088579172280
1764757309,1764759089376973892
1764757309,1764759090197541966
1764757309,1764759091025938770
1764757309,1764759091798843228
1764757309,1764759092467783640
1764757309,1764759093225656380
1764757309,1764759094351377853
1764757309,1764759095080023362
1764757309,1764759095919372204
1764757309,1764759096761544234
1764757309,1764759097655871180
1764757309,1764759098556189430
1764757309,1764759099477473132
1764757309,1764759100318610898
1764757309,1764759101214275386
1764757309,1764759101939996982
1764757309,1764759102804347522
1764757309,1764759103659108990
1764757309,1764759104557700408
1764757309,1764759105572774882
1764757309,1764759106538087261
1764757309,1764759107414400013
